MT,
     StaID,        Freq[Hz],     Re(Zxx)_Cal,     Im(Zxx)_Cal,     Re(Zxy)_Cal,     Im(Zxy)_Cal,     Re(Zyx)_Cal,     Im(Zyx)_Cal,     Re(Zyy)_Cal,     Im(Zyy)_Cal,     Re(Zxx)_Res,     Im(Zxx)_Res,     Re(Zxy)_Res,     Im(Zxy)_Res,     Re(Zyx)_Res,     Im(Zyx)_Res,     Re(Zyy)_Res,     Im(Zyy)_Res,     Re(Zxx)_Obs,     Im(Zxx)_Obs,     Re(Zxy)_Obs,     Im(Zxy)_Obs,     Re(Zyx)_Obs,     Im(Zyx)_Obs,     Re(Zyy)_Obs,     Im(Zyy)_Obs,      Re(Zxx)_SD,      Im(Zxx)_SD,      Re(Zxy)_SD,      Im(Zxy)_SD,      Re(Zyx)_SD,      Im(Zyx)_SD,      Re(Zyy)_SD,      Im(Zyy)_SD,
         1,    1.000000e+02,    1.662585e-03,   -6.193621e-04,    1.431093e-02,   -1.969804e-01,   -1.269340e-02,    2.377862e-01,   -1.285270e-03,    3.393205e-02,   -2.131792e-01,    7.940579e-02,    1.006450e+01,   -5.880121e+00,   -1.027190e+01,    6.480014e-01,    1.648000e-01,   -4.350755e+00,   -2.055000e-08,   -6.846100e-08,    9.280500e-02,   -2.428400e-01,   -9.280500e-02,    2.428400e-01,    2.178100e-08,    6.970600e-08,    7.799100e-03,    7.799100e-03,    7.799100e-03,    7.799100e-03,    7.799100e-03,    7.799100e-03,    7.799100e-03,    7.799100e-03,
         2,    1.000000e+02,    5.281667e-03,   -3.109327e-02,    8.397668e-03,   -1.819815e-01,   -1.430825e-02,    1.945640e-01,   -9.478128e-04,   -6.466396e-04,   -6.772999e-01,    3.987209e+00,    1.082421e+01,   -7.802891e+00,   -1.006909e+01,    6.182963e+00,    1.215523e-01,    8.295015e-02,   -5.345200e-08,   -2.220300e-07,    9.280700e-02,   -2.428300e-01,   -9.282900e-02,    2.427800e-01,    7.628100e-08,    2.223200e-07,    7.798200e-03,    7.798200e-03,    7.798200e-03,    7.798200e-03,    7.798200e-03,    7.798200e-03,    7.798200e-03,    7.798200e-03,
         3,    1.000000e+02,   -1.333822e-02,    5.397703e-03,    1.682215e-01,   -3.035774e-01,   -1.576877e-01,    3.151647e-01,    1.418137e-02,    1.104181e-02,    1.588745e+00,   -6.429278e-01,    3.586187e+00,    1.269905e+01,   -4.900404e+00,   -1.402321e+01,   -1.689163e+00,   -1.315143e+00,    4.117200e-07,   -1.263000e-07,    1.983300e-01,   -1.969600e-01,   -1.988300e-01,    1.974300e-01,   -3.396000e-07,    2.593000e-07,    8.395700e-03,    8.395700e-03,    8.395700e-03,    8.395700e-03,    8.395700e-03,    8.395700e-03,    8.395700e-03,    8.395700e-03,
         4,    1.000000e+02,   -5.695881e-03,   -1.982162e-02,    1.552801e-01,   -2.955868e-01,   -1.501018e-01,    3.038616e-01,   -1.024032e-02,    3.534330e-02,    6.792982e-01,    2.363875e+00,    5.132836e+00,    1.176201e+01,   -5.751586e+00,   -1.274884e+01,    1.221219e+00,   -4.214953e+00,    1.706800e-07,   -5.461200e-08,    1.983200e-01,   -1.969600e-01,   -1.983300e-01,    1.969600e-01,   -1.610300e-07,    7.684500e-08,    8.385200e-03,    8.385200e-03,    8.385200e-03,    8.385200e-03,    8.385200e-03,    8.385200e-03,    8.385200e-03,    8.385200e-03,
         5,    1.000000e+02,    8.972525e-04,    2.143039e-02,    6.715040e-03,   -3.023159e-01,   -5.645660e-03,    2.424686e-01,    9.494565e-04,    2.534269e-02,   -1.150620e-01,   -2.747947e+00,    1.103964e+01,    7.628848e+00,   -1.117599e+01,    4.761940e-02,   -1.217342e-01,   -3.249526e+00,   -9.293100e-08,   -2.932700e-07,    9.281100e-02,   -2.428200e-01,   -9.280500e-02,    2.428400e-01,    7.587900e-08,    2.924600e-07,    7.798800e-03,    7.798800e-03,    7.798800e-03,    7.798800e-03,    7.798800e-03,    7.798800e-03,    7.798800e-03,    7.798800e-03,
         6,    1.000000e+02,   -1.782996e-03,   -1.432564e-02,    8.456628e-03,   -2.571585e-01,   -9.607829e-03,    2.142041e-01,   -1.599608e-03,    1.350631e-02,    2.285611e-01,    1.836765e+00,    1.081769e+01,    1.840023e+00,   -1.067199e+01,    3.664514e+00,    2.052219e-01,   -1.731719e+00,   -6.757400e-07,   -2.541700e-06,    9.281300e-02,   -2.428100e-01,   -9.282800e-02,    2.427800e-01,    7.126400e-07,    2.365300e-06,    7.798000e-03,    7.798000e-03,    7.798000e-03,    7.798000e-03,    7.798000e-03,    7.798000e-03,    7.798000e-03,    7.798000e-03,
         7,    1.000000e+02,    1.514369e-03,   -1.902576e-02,    1.595286e-01,   -3.083360e-01,   -1.686451e-01,    3.278042e-01,    1.287415e-03,   -3.689807e-02,   -1.796371e-01,    2.265970e+00,    4.620384e+00,    1.326583e+01,   -3.595280e+00,   -1.552869e+01,   -1.537565e-01,    4.395197e+00,    6.189500e-06,   -1.354300e-06,    1.983200e-01,   -1.969600e-01,   -1.988300e-01,    1.974300e-01,   -3.478100e-06,    2.680400e-06,    8.395700e-03,    8.395700e-03,    8.395700e-03,    8.395700e-03,    8.395700e-03,    8.395700e-03,    8.395700e-03,    8.395700e-03,
         8,    1.000000e+02,   -8.266847e-03,   -1.360864e-02,    1.412872e-01,   -3.114301e-01,   -1.505114e-01,    3.085675e-01,   -1.525849e-02,    1.850952e-02,    9.859778e-01,    1.622906e+00,    6.801604e+00,    1.365144e+01,   -5.702740e+00,   -1.331006e+01,    1.819622e+00,   -2.207374e+00,    7.736600e-07,   -2.426700e-07,    1.983200e-01,   -1.969600e-01,   -1.983300e-01,    1.969600e-01,   -6.002100e-07,    2.485600e-07,    8.385200e-03,    8.385200e-03,    8.385200e-03,    8.385200e-03,    8.385200e-03,    8.385200e-03,    8.385200e-03,    8.385200e-03,
         9,    1.000000e+02,    1.493594e-02,   -1.968498e-02,    1.582016e-01,   -3.086593e-01,   -1.670311e-01,    3.148469e-01,   -2.784170e-03,    9.862381e-03,   -1.770503e+00,    2.333454e+00,    4.663268e+00,    1.260098e+01,   -3.705503e+00,   -1.395562e+01,    3.299537e-01,   -1.169088e+00,    3.320200e-07,   -4.313000e-07,    1.975400e-01,   -2.023600e-01,   -1.982900e-01,    1.971200e-01,   -7.466900e-07,    1.926800e-07,    8.435800e-03,    8.435800e-03,    8.435800e-03,    8.435800e-03,    8.435800e-03,    8.435800e-03,    8.435800e-03,    8.435800e-03,
        10,    1.000000e+02,    4.324618e-03,    6.611018e-03,    1.353801e-01,   -3.019642e-01,   -1.664633e-01,    2.582109e-01,   -1.954297e-03,    5.527615e-03,   -5.123128e-01,   -7.846637e-01,    7.366469e+00,    1.180656e+01,   -3.772948e+00,   -7.242117e+00,    2.278479e-01,   -6.555541e-01,    3.003100e-06,   -8.013300e-06,    1.975200e-01,   -2.023700e-01,   -1.982900e-01,    1.971200e-01,   -3.228600e-05,   -2.311600e-06,    8.435500e-03,    8.435500e-03,    8.435500e-03,    8.435500e-03,    8.435500e-03,    8.435500e-03,    8.435500e-03,    8.435500e-03,
        11,    1.000000e+02,   -3.575095e-03,   -1.481431e-03,    1.693526e-01,   -2.634433e-01,   -1.737019e-01,    3.023539e-01,    1.661844e-03,   -1.774992e-02,    4.302102e-01,    1.764158e-01,    3.455612e+00,    7.928274e+00,   -2.939333e+00,   -1.256844e+01,   -2.018489e-01,    2.117026e+00,    3.247600e-05,   -2.078800e-06,    1.983300e-01,   -1.969600e-01,   -1.983500e-01,    1.969600e-01,   -3.078000e-05,    2.608600e-06,    8.385600e-03,    8.385600e-03,    8.385600e-03,    8.385600e-03,    8.385600e-03,    8.385600e-03,    8.385600e-03,    8.385600e-03,
        12,    1.000000e+02,    1.679009e-02,    7.117264e-03,    1.335708e-01,   -3.004380e-01,   -1.858180e-01,    2.429187e-01,    2.420285e-05,   -1.996407e-02,   -2.002221e+00,   -8.488293e-01,    7.721846e+00,    1.234055e+01,   -1.490963e+00,   -5.480931e+00,   -2.995098e-03,    2.380910e+00,    1.067400e-06,   -3.394800e-07,    1.983200e-01,   -1.969600e-01,   -1.983200e-01,    1.969600e-01,   -9.116500e-07,    3.314500e-07,    8.385200e-03,    8.385200e-03,    8.385200e-03,    8.385200e-03,    8.385200e-03,    8.385200e-03,    8.385200e-03,    8.385200e-03,
        13,    1.000000e+02,   -7.891999e-03,   -1.607683e-02,    1.606315e-01,   -2.947809e-01,   -1.660957e-01,    2.497271e-01,   -7.057842e-03,    4.429572e-03,    9.412030e-01,    1.917249e+00,    4.495782e+00,    1.166576e+01,   -3.842957e+00,   -6.292813e+00,    8.416558e-01,   -5.282429e-01,    2.702900e-07,   -1.255000e-07,    1.983300e-01,   -1.969600e-01,   -1.983200e-01,    1.969600e-01,   -3.056000e-07,    9.668300e-08,    8.385300e-03,    8.385300e-03,    8.385300e-03,    8.385300e-03,    8.385300e-03,    8.385300e-03,    8.385300e-03,    8.385300e-03,
        14,    1.000000e+02,   -1.317465e-02,   -1.591070e-02,    1.734290e-01,   -2.945785e-01,   -1.533785e-01,    3.125726e-01,    8.998913e-03,    1.171436e-02,    1.571304e+00,    1.897423e+00,    2.969636e+00,    1.164177e+01,   -5.359616e+00,   -1.378769e+01,   -1.073358e+00,   -1.396978e+00,    1.048800e-06,   -4.288400e-07,    1.983300e-01,   -1.969600e-01,   -1.983200e-01,    1.969600e-01,   -1.405100e-06,    4.242800e-07,    8.385200e-03,    8.385200e-03,    8.385200e-03,    8.385200e-03,    8.385200e-03,    8.385200e-03,    8.385200e-03,    8.385200e-03,
        15,    1.000000e+02,   -4.109953e-03,   -1.768950e-02,    1.607397e-01,   -2.625687e-01,   -1.373144e-01,    3.564687e-01,   -2.855616e-02,    5.316557e-03,    4.902941e-01,    2.109557e+00,    4.481746e+00,    7.824350e+00,   -7.275392e+00,   -1.902265e+01,    3.405373e+00,   -6.339869e-01,    1.260700e-06,   -4.394100e-07,    1.983200e-01,   -1.969600e-01,   -1.983200e-01,    1.969600e-01,   -1.426300e-06,    4.498700e-07,    8.385200e-03,    8.385200e-03,    8.385200e-03,    8.385200e-03,    8.385200e-03,    8.385200e-03,    8.385200e-03,    8.385200e-03,
        16,    1.000000e+02,    1.968476e-02,    1.581750e-02,    1.789984e-01,   -3.547341e-01,   -1.377439e-01,    2.187174e-01,    8.062863e-03,   -5.901746e-02,   -2.347509e+00,   -1.886377e+00,    2.304248e+00,    1.881578e+01,   -7.224172e+00,   -2.594738e+00,   -9.616088e-01,    7.038306e+00,    4.245800e-07,   -1.466600e-07,    1.983200e-01,   -1.969600e-01,   -1.983200e-01,    1.969600e-01,   -4.189500e-07,    1.446800e-07,    8.385200e-03,    8.385200e-03,    8.385200e-03,    8.385200e-03,    8.385200e-03,    8.385200e-03,    8.385200e-03,    8.385200e-03,
VTF,
     StaID,        Freq[Hz],     Re(Tzx)_Cal,     Im(Tzx)_Cal,     Re(Tzy)_Cal,     Im(Tzy)_Cal,     Re(Tzx)_Res,     Im(Tzx)_Res,     Re(Tzy)_Res,     Im(Tzy)_Res,     Re(Tzx)_Obs,     Im(Tzx)_Obs,     Re(Tzy)_Obs,     Im(Tzy)_Obs,      Re(Tzx)_SD,      Im(Tzx)_SD,      Re(Tzy)_SD,      Im(Tzy)_SD,
      1001,    1.000000e+02,    5.038940e-02,   -7.945601e-03,   -1.070281e-01,    2.439558e-02,   -1.683212e+00,    2.688964e-01,    3.565239e+00,   -8.104564e-01,   -1.069500e-04,    1.212900e-04,   -7.093700e-05,    8.188400e-05,    3.000000e-02,    3.000000e-02,    3.000000e-02,    3.000000e-02,
      1002,    1.000000e+02,    2.227956e-01,   -2.034754e-02,   -1.523709e-02,    1.827674e-02,   -7.466963e+00,    7.256880e-01,    5.060585e-01,   -6.071079e-01,   -1.213300e-03,    1.423100e-03,   -5.533800e-05,    6.349900e-05,    3.000000e-02,    3.000000e-02,    3.000000e-02,    3.000000e-02,
      1003,    1.000000e+02,   -7.222405e-02,    1.065551e-01,    1.638964e-01,   -1.079007e-01,    2.244265e+00,   -3.502125e+00,   -5.464624e+00,    3.597377e+00,   -4.896100e-03,    1.491300e-03,   -4.228700e-05,    2.058800e-05,    3.000000e-02,    3.000000e-02,    3.000000e-02,    3.000000e-02,
      1004,    1.000000e+02,    2.144004e-02,   -3.430204e-02,    4.296275e-02,    3.734467e-02,   -7.234814e-01,    1.146276e+00,   -1.432634e+00,   -1.244582e+00,   -2.644000e-04,    8.623800e-05,   -1.626900e-05,    7.203600e-06,    3.000000e-02,    3.000000e-02,    3.000000e-02,    3.000000e-02,
      1005,    1.000000e+02,   -2.698385e-02,   -4.882723e-03,   -1.389941e-01,    3.669323e-02,    8.965147e-01,    1.660944e-01,    4.612070e+00,   -1.199127e+00,   -8.841100e-05,    1.001100e-04,   -6.319900e-04,    7.194100e-04,    3.000000e-02,    3.000000e-02,    3.000000e-02,    3.000000e-02,
      1006,    1.000000e+02,    7.416917e-02,    1.244248e-02,   -9.678550e-02,    3.522184e-02,   -2.509326e+00,   -3.709627e-01,    3.208794e+00,   -1.154142e+00,   -1.110600e-03,    1.313600e-03,   -5.216900e-04,    5.975900e-04,    3.000000e-02,    3.000000e-02,    3.000000e-02,    3.000000e-02,
      1007,    1.000000e+02,    5.771956e-02,    4.051848e-02,    5.492954e-02,   -4.390169e-02,   -2.080719e+00,   -1.302543e+00,   -1.838045e+00,    1.466613e+00,   -4.702000e-03,    1.442200e-03,   -2.118100e-04,    9.669800e-05,    3.000000e-02,    3.000000e-02,    3.000000e-02,    3.000000e-02,
      1008,    1.000000e+02,    9.779229e-02,   -6.943662e-02,    5.377092e-03,    2.285827e-02,   -3.267106e+00,    2.316971e+00,   -1.807359e-01,   -7.613434e-01,   -2.209000e-04,    7.251100e-05,   -4.498400e-05,    1.796600e-05,    3.000000e-02,    3.000000e-02,    3.000000e-02,    3.000000e-02,
      1009,    1.000000e+02,    3.194439e-02,   -5.633759e-02,    1.818875e-02,    1.256955e-01,   -1.067118e+00,    1.879090e+00,   -1.117892e+00,   -3.771983e+00,   -6.916000e-05,    3.510100e-05,   -1.534800e-02,    1.253600e-02,    3.000000e-02,    3.000000e-02,    3.000000e-02,    3.000000e-02,
      1010,    1.000000e+02,    4.146560e-02,   -3.333721e-02,    9.753560e-02,   -5.459765e-03,   -1.397208e+00,    1.119153e+00,   -3.745253e+00,    5.979255e-01,   -4.506500e-04,    2.373700e-04,   -1.482200e-02,    1.247800e-02,    3.000000e-02,    3.000000e-02,    3.000000e-02,    3.000000e-02,
      1011,    1.000000e+02,   -5.305508e-02,    5.154173e-02,    3.697322e-02,   -8.596614e-03,    1.742992e+00,   -1.711245e+00,   -1.251632e+00,    2.921288e-01,   -7.653100e-04,    2.043800e-04,   -5.757400e-04,    1.672500e-04,    3.000000e-02,    3.000000e-02,    3.000000e-02,    3.000000e-02,
      1012,    1.000000e+02,   -5.176292e-02,    6.026004e-02,    3.414424e-02,   -3.285211e-02,    1.721559e+00,   -2.007342e+00,   -1.140136e+00,    1.095809e+00,   -1.161500e-04,    3.976700e-05,   -5.985700e-05,    2.216600e-05,    3.000000e-02,    3.000000e-02,    3.000000e-02,    3.000000e-02,
      1013,    1.000000e+02,   -5.297618e-02,    3.497181e-02,    7.175771e-02,   -3.997422e-02,    1.765030e+00,   -1.165369e+00,   -2.404337e+00,    1.336416e+00,   -2.527000e-05,    1.073400e-05,   -3.724100e-04,    1.182700e-04,    3.000000e-02,    3.000000e-02,    3.000000e-02,    3.000000e-02,
      1014,    1.000000e+02,   -4.511566e-02,    8.709046e-02,    7.125216e-02,   -9.540552e-03,    1.501608e+00,   -2.902132e+00,   -2.384902e+00,    3.211642e-01,   -6.740300e-05,    2.650500e-05,   -2.948900e-04,    9.437300e-05,    3.000000e-02,    3.000000e-02,    3.000000e-02,    3.000000e-02,
      1015,    1.000000e+02,    1.352612e-01,   -1.280978e-01,    4.457580e-02,   -1.421139e-02,   -4.511290e+00,    4.270872e+00,   -1.489972e+00,    4.751109e-01,   -7.746600e-05,    2.833300e-05,   -1.233500e-04,    4.193800e-05,    3.000000e-02,    3.000000e-02,    3.000000e-02,    3.000000e-02,
      1016,    1.000000e+02,   -3.210873e-02,   -3.396632e-03,   -7.606253e-02,    1.147995e-01,    1.068863e+00,    1.137404e-01,    2.534091e+00,   -3.826173e+00,   -4.285100e-05,    1.557900e-05,   -3.979700e-05,    1.429700e-05,    3.000000e-02,    3.000000e-02,    3.000000e-02,    3.000000e-02,
